place-id,place-name,price-per-head,opening-hours,recommend-menu,Fasilitas,address,lat-long,place-type,place-rating,status
1,Cantik Daijo Cafe,25.000 - 50.000,,"Vanila Milk Shake, Dimsum Udang, Kopi Americano, Tempe Crispy, Teh Tarik, Nasi Lele Daijo, Kwetiau Hot Plate Seafood Gila, Nasi Ayam Penyet Sambal Belacan, Daijo Pizza, Nasi Goreng Spesial, Mie Hot Plate Special, Ice Thai Tea, Steak Salad, Daijo Egg Waffle, Drip Coffee, Pizza Complete, French Fries, Cappuccino Latte, Chicken Katsu, Tomyam Seafood.",,"Jl. Sisingamangaraja, Aruan, Kec. Laguboti, Toba, Sumatera Utara 22381, Indonesia (9429+Q3 Aruan, Toba, Sumatera Utara, Indonesia)","2.35191,99.1176317",Restoran,4.4,beroperasi
2,Rumah Makan Romauli,,,"Babi Panggang, Sop Kosong, Daging Babi Arsik Pakai Tubis, Jahir Panggang, Naniura, ",,"86HM+J26, Jl. Parsoburan, Parsoburan Bar., Kec. Habinsaran, Toba, Sumatera Utara 22384, Indonesia","2.3290292,99.232502",Restoran,4.3,beroperasi
3,"Kedai Islam ""Rahayu""","25,000",,"Mushola, Halal",,"86HM+G6Q, Jl. Parsoburan, Parsoburan Bar., Kec. Habinsaran, Toba, Sumatera Utara 22384, Indonesia","2.328846,99.2331035",Restoran,4.5,beroperasi
4,Sinar Minang Restaurant & Convention Hall,25.000 - 75.000,,"Jeroan Masak Gule, Rendang, Sambal, Teh Talua Teh Telur, Dendeng, Ayam Balado, Sup Daging Sapi, Ikan Goreng, Nasi Ayam Goreng Telur Dadar, Aneka Masakan Khas Padang Melayu, Sayur Kailan, Nasi Padang, Sajian Lauk, Gulai Ayam Kampung, Kopi Susu, Makanan Padang, Telor Dadar, Jengkol Teri Cabe IJO, Kerupuk Gulai, Sayur Nangka.",,"Jl. Siborongborong - Parapat No.2, Sibola Hotangsas, Kec. Balige, Toba, Sumatera Utara, Indonesia (83PF+C8 Sibola Hotangsas, Toba, Sumatera Utara, Indonesia)","2.3360012,99.0733666", ,4.4,beroperasi
5,Damar Toba ~ Lakeside Eatery & Stay,30.000 - 700.000,14.00,"Mie Gomak, Mie Goreng, Sate, Fried Rice with Chicken Wings, Kopi Latte, Ikan Naniura, Nasi Liwet Daging Balado, Mango Sticky Rice Pudding, Caffè Latte, Fish Fillet Natinombur, Americano Coffee, American Breakfast, Ice Cream Croissant.",,"Jl. Pemandian No.94, Kec. Balige, Sumatera Utara 22312, Indonesia (83R2+56 Lumban Silintong, Toba, Sumatera Utara, Indonesia)","2.3404454,99.0505864",Restoran,4.8,beroperasi
6,BPK TAMBAR LIHE CLARISSA GURUSINGA,"25,000",,Babi Panggang Karo,,"96V4+FP7 paranggitingan samping SD center, Jl. D.I. Panjaitan, Marsangap, Kec. Silaen, Toba, Sumatera Utara 22384, Indonesia","2.3936637,99.2068009",Restoran,4.8,beroperasi
7,Warunk Friendzone,"25,000",,Bihun Goreng Sosis,,"Narumonda 1, Kec. Siantar Narumonda, Sumatera Utara 22384, Indonesia (C5CH+83 Narumonda VII, Toba, Sumatera Utara, Indonesia)","2.4208568,99.1776305",Restoran,2.7,beroperasi
8,SOP Kerbau Siparo Gogo,25.000 - 50.000,,"Sop Kerbau, Sop Daging Kerbau",,"C5FH+VVJ, Unnamed Road, Narumonda III, Kec. Siantar Narumonda, Toba, Sumatera Utara 22384, Indonesia","2.4247075,99.1796321",Restoran,4.6,beroperasi
9,Rumah Makan Rizal,25.000 - 50.000,,,,"Banua Huta, Kec. Sigumpar, Toba, Sumatera Utara 22384, Indonesia (95XC+6M Banua Huta, Toba, Sumatera Utara, Indonesia)","2.3980625,99.1716875",Restoran,4.2,beroperasi
10,RAJA SEAFOOD BALIGE,,,"Taoge Ikan Asin, Sop Bakso Ikan, Cateringan Nasi Kotak, Seafood Tumpah",,"Jl. Patuan Nagari, Pardede Onan, Kec. Balige, Toba, Sumatera Utara, Indonesia (83M7+HC Pardede Onan, Toba, Sumatera Utara, Indonesia)","2.3339313,99.0636019",Restoran,5,beroperasi
11,Toba Corner Restaurant,,,"Nasi Goreng, Aneka Jus",,"83M6+74V, Pardede Onan, Kec. Balige, Toba, Sumatera Utara, Indonesia","2.3332267,99.0603032",Restoran,4.3,beroperasi
12,RM. GOMGOM KHAS BATAK,,,"Babi Panggang, Sambal Natinombur, Saksang, Arsik",,"83M4+629, Jl. Dr. Sutomo, Sangkar Nihuta, Kec. Balige, Toba, Sumatera Utara 22312, Indonesia","2.3330288,99.0551148",Restoran,4.9,beroperasi
13,RM Lapo Jior,25.000 - 50.000,,,,"Jl. Sisingamangaraja No.47, Sibola Hotangsas, Kec. Balige, Toba, Sumatera Utara, Indonesia (83PH+Q3 Sibola Hotangsas, Toba, Sumatera Utara, Indonesia)","2.3369915,99.0776382",Restoran,4.6,beroperasi
14,"""Happy"" Noodle Restaurant",25.000 - 50.000,,"Mie Goreng, Kwetiau Goreng, Nasi Goreng Babi, Bakmi Kuah",,"Napitupulu Bagasan, Kec. Balige, Toba, Sumatera Utara, Indonesia (83M8+RG Napitupulu Bagasan, Toba, Sumatera Utara, Indonesia)","2.3345485999999998,99.0663699",Restoran,4.5,beroperasi
15,BPK PANCA JAYA,25.000 - 50.000,,"Babi Panggang Karo, Babi Tubis, Saksang, Cincang, Ikan Mas Arsik, Ikan Jahir Panggang",,"83CC+V5C, Jl. By Pass Balige, Balige III, Kec. Balige, Toba, Sumatera Utara 22312, Indonesia","2.3221766,99.0704027",Restoran,4.8,beroperasi
16,ijabu Coffee & Roastery,25.000 - 50.000,,,,"Jl. Raja Paindoan, Lumban Dolok Haume Bange, Kec. Balige, Toba, Sumatera Utara, Indonesia (83M8+83 Lumban Dolok Haume Bange, Toba, Sumatera Utara, Indonesia)","2.3332810999999998,99.0651414",Restoran,5,beroperasi
17,GotiL F&B,25.000 - 50.000,,"Bebek Gotil, Ayam Gotil, Minuman Mix Max Blue Ocean, Dimsum Soup, Soup Ayam, Green Tea Mlikshake",,"Jl. Patuan Anggi No.28, Lumban Dolok Haume Bange, Kec. Balige, Toba, Sumatera Utara 22314, Indonesia (83M7+GQ Lumban Dolok Haume Bange, Toba, Sumatera Utara, Indonesia)","2.3338544,99.0644612",Restoran,4.6,beroperasi
18,Point Coffee Balige,25.000 - 50.000,,"Kopi Jadul, Latte, Affogato Point, Dolge Coffee, Mochachino, Cafe Dolce",,"83M9+HJM, Jl. Sisingamangaraja, Balige II, Kec. Balige, Toba, Sumatera Utara 22316, Indonesia","2.3339509,99.0690373",Restoran,4.7,beroperasi
19,SIPPIN,25.000 - 50.000,,,,"Jl. Sisingamangaraja No.70, Balige II, Kec. Balige, Toba, Sumatera Utara 22312, Indonesia (83M9+PH Balige II, Toba, Sumatera Utara, Indonesia)","2.3342572,99.06889",Restoran,4.1,beroperasi
20,Amora Cafe,,,,,"83CQ+GVR, Parsuratan, Kec. Balige, Toba, Sumatera Utara 22312, Indonesia","2.3213606,99.0896447",Restoran,3.8,beroperasi
21,Rumah Makan Panca,25.000 - 50.000,,"B2 Panggang, B2 Goreng, Kripik Balado, Tubis, B2 Saksang, Ikan Mas Arsik, B2 Tanggo-Tanggo, Ikan Jahir Natinombur, B2 Bag Dalam, Butuha Raja, Ikan Jahir Goreng, B2 Arsik, Daun Singkong Tumbuk, Mujair Bakar",,"Jl. Raja Paindoan No.14, Lumban Dolok Haume Bange, Kec. Balige, Toba, Sumatera Utara 22312, Indonesia (83M8+68 Lumban Dolok Haume Bange, Toba, Sumatera Utara, Indonesia)","2.3330276,99.0658293",Restoran,4.5,beroperasi
22,SATE MADURA Cabang Bundaran BALIGE,,,"Sate Kambing, Sate Ayam",,"Di Sebrang Bank BRI, Di Sebrang Warkop Kak NOVA, Jl. Sisingamangaraja, Balige Lama, Kec. Balige, Sumatera Utara 22312, Indonesia (83M9+J9 Balige II, Toba, Sumatera Utara, Indonesia)","2.3340782,99.0684333",Restoran,5,beroperasi
23,BAKSO PAK RADIT (BAKSO KHAS MALANG),,,"Bakso Kosong, Mie Ayam",,"83M6+C8G, Pardede Onan, Kec. Balige, Toba, Sumatera Utara, Indonesia","2.3335714,99.0608357",Restoran,3.6,beroperasi
24,Hutanta Cafe,25.000 - 50.000,,"Kopi Dingin, Juice Nanas Kue Nanas, Madu, Odeng, Nasi Goreng Ayam, Sate Udang Pete, Eskrim Yogurt, Cafe Latte, Fish and Chips, Signature Bukit Coffee, Mr Crab Cakes, Caffè Latte, Sandwich Hutanta, Sparkling Mojito, Pakcoy Ayam, Sop IGA Sapi, Fettucine Carbonara Pasta, Sop Kambing",,"Jl. P. Siantar No.KM 2, Sibola Hotangsas, Kec. Balige, Toba, Sumatera Utara 22312, Indonesia (83QJ+8G Sibola Hotangsas, Toba, Sumatera Utara, Indonesia)","2.3383059,99.0812835",Restoran,4.5,beroperasi
25,Tepi Danau Bistro,25.000 - 75.000,,"Nasi Goreng Andaliman, Nasi Blackpepper Sapi, Nasi Goreng Kampung, Ayam Bakar Tepi Danau, Air Mineral, Kopi Sanger, Nasi Goreng Seafood, Cappucino, Affogatto, Strawberry Float, Kwetiau Goreng Seafood, Tomyam, Pisang Goreng, Mie Goreng Indonesia, Banana Smoothies, Kopi Tubruk, Thai Iced Tea, Hot Milk, Americano",,"Jl. Pemandian No.1, Sangkar Nihuta, Kec. Balige, Toba, Sumatera Utara 22312, Indonesia (83M4+PC Sangkar Nihuta, Toba, Sumatera Utara, Indonesia)","2.3343426,99.0561066",Restoran,4.2,beroperasi
26,Kedai Mie Lily,25.000 - 50.000,,,,"83M6+F57, Pardede Onan, Kec. Balige, Toba, Sumatera Utara, Indonesia","2.333661,99.0604164",Restoran,3.7,beroperasi
27,Rujak Agam Balige,,,Aneka Rujak Buah,,"Jl. Patuan Nagari, Lumban Dolok Haume Bange, Kec. Balige, Toba, Sumatera Utara 22312, Indonesia (83M7+MQ Lumban Dolok Haume Bange, Toba, Sumatera Utara, Indonesia)","2.3341501,99.0644241",Restoran,3.7,beroperasi
28,"BAKSO MAS PANDU ""WONG SOLO""",,,"Mie ayam bakso, Halal",,"Jl. Pemandian, Sangkar Nihuta, Kec. Balige, Toba, Sumatera Utara 22312, Indonesia (83M4+6R Sangkar Nihuta, Toba, Sumatera Utara, Indonesia)","2.3330227,99.0571114",Restoran,4.5,beroperasi
29,Bakso Dorela,,,"Bakso, Misop, Mie Ayam, Mie Babi, Goreng",,"Jl. Gereja No.Kelurahan, Lumban Dolok Haume Bange, Kec. Balige, Toba, Sumatera Utara 22312, Indonesia (83M8+9R Lumban Dolok Haume Bange, Toba, Sumatera Utara, Indonesia)","2.3334426,99.0670326",Restoran,4.6,beroperasi
30,Dunia Bubur,"25,000",,,,"Jl. Gereja No.Kelurahan, Balige II, Kec. Balige, Toba, Sumatera Utara 22312, Indonesia (83M8+2V Balige II, Toba, Sumatera Utara, Indonesia)","2.3325758,99.0671372",Restoran,4.3,beroperasi
31,Diva Putri Minang,,,,,"Lumban Pea, Kec. Balige, Toba, Sumatera Utara, Indonesia (84X3+5R Lumban Pea, Toba, Sumatera Utara, Indonesia)","2.3479577,99.1046145",Restoran,4,beroperasi
32,Leon Cafe,25.000 - 75.000,,"Nasi Goreng Spesial, Cumi Asin Pedas",,"Pantai Bul Bul, Sibola Hotangsas, Kec. Balige, Toba, Sumatera Utara, Indonesia (83XF+82 Sibola Hotangsas, Toba, Sumatera Utara, Indonesia)","2.3482738,99.0725562",Restoran,4.7,beroperasi
33,warung mak iwan,,,"Mie sop, Mie Goerng, Bakso",,"83J8+MQR, Lumban Dolok Haume Bange, Kec. Balige, Toba, Sumatera Utara, Indonesia","2.3317344,99.0668992",Restoran,4.2,beroperasi
34,Warung Makan Muslim Bu Nurul,"25,000",,"Soto Ayam, Belu Tumis Cabe Hijau, Air Kelapa Muda",,"Jl. P. Siantar, Sibola Hotangsas, Kec. Balige, Toba, Sumatera Utara 22313, Indonesia (83MF+X2 Sibola Hotangsas, Toba, Sumatera Utara, Indonesia)","2.3349629,99.0725311",Restoran,4.3,beroperasi
35,RM Khas Batak Mata Mual,,,"Arsik Ikan Jahir, Arsik Ikan Mas",,"Jl. Lintas Sumatera No.Desa, Dolok Tolong, Kec. Balige, Toba, Sumatera Utara 22313, Indonesia (82HP+58 Longat, Toba, Sumatera Utara, Indonesia)","2.327934,99.0357583",Restoran,4,beroperasi
36,Rumah Makan Pondok Salero,10.000 - 50.000,,"Nasi Uduk, Lontong Gulai, Sate",,"Jl. Patuan Nagari No.Kelurahan, Sangkar Nihuta, Kec. Balige, Toba, Sumatera Utara 22313, Indonesia (83M5+CX Sangkar Nihuta, Toba, Sumatera Utara, Indonesia)","2.333572,99.0599248",Restoran,4.2,beroperasi
37,Family Resto,25.000 - 50.000,,Nasi Goreng Ayam,,"Jl. Lintas Sumatera No.57a, Lumban Dolok Haume Bange, Kec. Balige, Toba, Sumatera Utara 22312, Indonesia (83M7+HM Lumban Dolok Haume Bange, Toba, Sumatera Utara, Indonesia)","2.333948,99.0641697",Restoran,4.2,beroperasi
38,"RM ISLAM ""NAULI""",,,"Ayam Goreng, Rendang Kerbau, Ikan Mujahir Bakar, Sop Iga Kerbau",,"Jl. Bukit Barisan No.26, Kec. Balige, Toba, Sumatera Utara 22312, Indonesia (83Q7+25 Napitupulu Bagasan, Toba, Sumatera Utara, Indonesia)","2.3376082,99.062985",Restoran,5,beroperasi
39,Kedai Bakmi Bahagia 2,25.000 - 50.000,,Mie Kuah,,"Jl. Patuan Nagari No.57 A, Lumban Dolok Haume Bange, Kec. Balige, Toba, Sumatera Utara 22314, Indonesia (83M7+G2 Lumban Dolok Haume Bange, Toba, Sumatera Utara, Indonesia)","2.3337655,99.0625259",Restoran,4.1,beroperasi
40,"Kedai Bakmi ""Bahagia"" / ""Sukaria""",25.000 - 50.000,,"Bakmi China, Aneka Jus",,"Jl. Sisingamangaraja No.98, Napitupulu Bagasan, Kec. Balige, Toba, Sumatera Utara 22312, Indonesia (83M8+RG Napitupulu Bagasan, Toba, Sumatera Utara, Indonesia)","2.3345538,99.0663748",Restoran,4.2,beroperasi
41,Rumah Makan Sigiring Giring,25.000 - 50.000,,Makanan Khas Batak,,"Jl. Lintas Sumatera No.Desa, Lintong Nihuta, Kec. Tampahan, Toba, Sumatera Utara 22313, Indonesia (82J8+4Q Lintong Nihuta, Toba, Sumatera Utara, Indonesia)","2.3302973,99.0169663",Restoran,4.4,beroperasi
42,Rumah Makan Martabe,25.000 - 50.000,,"Babi Panggang, Ikan Mas Bakar, Ikan Mas Arsik, Saksang, Babi Goreng",,"Jl. Sisingamangaraja No.36A, Ps. Laguboti, Kec. Laguboti, Toba, Sumatera Utara 22381, Indonesia (9428+QR Ps. Laguboti, Toba, Sumatera Utara, Indonesia)","2.3518850000000002,99.117094",Restoran,4.2,beroperasi
43,Rumah Dimsum Balige,25.000 - 50.000,,,,"Jl. Gereja, Sibola Hotangsas, Kec. Balige, Toba, Sumatera Utara, Indonesia (83PG+V5 Sibola Hotangsas, Toba, Sumatera Utara, Indonesia)","2.3371251,99.0754234",Restoran,4.5,beroperasi
44,D'barans Cafe,25.000 - 50.000,,"Nasi Ayam Tofu Seafood, Nasi Ayam Brokoli, Nasi Lele, Nasi Cumi Saos Pedas, Kentang Goreng, Nasi Goreng, Sarsaparilla, Sop Ayam",,"Jl. Gereja, Lumban Dolok Haume Bange, Kec. Balige, Toba, Sumatera Utara 22311, Indonesia (83H8+XQ Lumban Dolok Haume Bange, Toba, Sumatera Utara, Indonesia)","2.3299327,99.0669746",Restoran,4,beroperasi
45,SS Fried Chicken x Teduh Balige,25.000 - 50.000,,"Teduh Minuman, Ayam Geprek Ss Fried Chicken, Ayam Spicy Ss Fried Chicken, Ayam Crispy Original, Mineral Botol, Teh Botol Kotak, Orange Nestle, Sauce Spicy SS Fried Chicken, Green Tea",,"Jl. Sisingamangaraja No.130, Balige II, Kec. Balige, Toba, Sumatera Utara 22312, Indonesia (83M8+QR Balige II, Toba, Sumatera Utara, Indonesia)","2.3344353,99.0670483",Restoran,5,beroperasi
46,BMW Coffee,,,"Kerang Rebus, Taro Smoothie, Matcha Latte, Red Velvet, Matcha Latte Coffee",,"83PC+3XQ, Jl. Siborongborong - Parapat, Balige II, Kec. Balige, Toba, Sumatera Utara 22312, Indonesia","2.3352059,99.0724996",Restoran,5,beroperasi
47,Ola Kisat,,,Babi Panggang Karo,,"84X3+7WX, Lumban Pea, Kec. Balige, Toba, Sumatera Utara, Indonesia","2.3482477,99.1048534",Restoran,4.6,beroperasi
48,Onand Coffee,25.000 - 50.000,,"Espresso Susu, Coffee After Sex, Vietnam Drip, Sanger, Ice Mocca, Lemon Tea",,"Jl. Patuan Nagari No.89, Pardede Onan, Kec. Balige, Toba, Sumatera Utara 22312, Indonesia (83M6+CH Pardede Onan, Toba, Sumatera Utara, Indonesia)","2.3336113,99.0614941",Restoran,4.7,beroperasi
49,Warung Kembar (KHAS BATAK),25.000 - 50.000,,"Saksang Gota, Tanggo Tanggo Gota, Ayam Napinadar, Babi Panggang, Naniarsik",,"Jl. Siborongborong - Parapat No.4, Hinalang Bagasan, Kec. Balige, Toba, Sumatera Utara 22312, Indonesia (82HV+CG Hinalang Bagasan, Toba, Sumatera Utara, Indonesia)","2.3285461,99.0438056",Restoran,4.5,beroperasi
50,Rumah Makan SABAS Balige City,,,"Rendang, Sup Buntut, Soto",,"83M8+GFF, Lumban Dolok Haume Bange, Kec. Balige, Toba, Sumatera Utara, Indonesia","2.3338205,99.0661788",Restoran,4.7,beroperasi
51,BPK Karona,25.000 - 50.000,,Babi Panggang Karo,,"Jl. Sisingamangaraja No.Kelurahan, Balige I, Kec. Balige, Toba, Sumatera Utara 22313, Indonesia (83MC+H4 Balige I, Toba, Sumatera Utara, Indonesia)","2.3339252,99.0703293",Restoran,4.3,beroperasi
52,Rumah Makan Khas Karo Tambar Lihe,25.000 - 50.000,,"Sup Daging Babi, Nasi Putih, Babi Panggang Karo Dan Sayur Ubi, Babi Panggang Dan Daging Sup, Sambal Babi Panggang Karo",,"83H3+RW8, Japan Jl. Patuan Nagari, Sangkar Nihuta, Kec. Balige, Toba, Sumatera Utara 22313, Indonesia","2.3295332,99.0548148",Restoran,4.3,beroperasi
53,Rumah Makan Khas Batak Lamhot,25.000 - 50.000,,"Ikan arsik, Babi Panggang",,"83H3+JWF, Jl. Patuan Nagari, Sangkar Nihuta, Kec. Balige, Toba, Sumatera Utara 22313, Indonesia","2.3290697,99.0548047",Restoran,4.4,beroperasi
54,Driving Range Restaurant,,,,,"927H+G6F, Lake Toba, North Sumatra 22312, Indonesia","2.3638175,99.0280469",Restoran,4.3,beroperasi
55,Chinese Food Gemar,25.000 - 50.000,,"Mie Goreng Seafood, Mie Pangsit Babi, Mie Pangsit Goreng, Capcai, Nasi Goreng Babi, Bubur Ayam Gemar, Mie Kuah Bab, Mie Pangsit Siantar, Asparagus Sup",,"Jl. Lintas Sumatera No.57a, Lumban Dolok Haume Bange, Kec. Balige, Toba, Sumatera Utara 22312, Indonesia (83M9+P4 Lumban Dolok Haume Bange, Toba, Sumatera Utara, Indonesia)","2.3343044,99.0677685",Restoran,4,beroperasi
56,The Deck Balige Restaurant & Lounge,50.000 - 75.000,,Steak,,"83M5+RR6, Jl. Pardede Pasir No.10, Kec. Balige, Sumatera Utara 22314, Indonesia","2.3345707,99.0595579",Restoran,3.6,beroperasi
57,Betesda Cafe Balige,25.000 - 50.000,,,,"82WV+PVR, Danau Toba, Sibola Hotangsas, Balige, Toba, North Sumatra 22312, Indonesia","2.346859,99.0446427",Restoran,4.3,beroperasi
58,Istana Pempek Balige,25.000 - 50.000,,"Nasi Goreng Seafood, Nasi Ayam Geprek, Nasi Ayam Cabai Hijau, Udang Goreng Tepung, Nila Sambal Matah, Pempek Asli Ikan Tenggiri Frozen, Sambal Ayam",,"Jl. Tarutung, Simpang By Pass Jl. Lintas Sumatera, Longat, Jalinsum, Toba, Sumatera Utara 22312, Indonesia (82HP+64 Longat, Toba, Sumatera Utara, Indonesia)","2.328012,99.0353074",Restoran,4.7,beroperasi
59,Balige Seafood,50.000 - 75.000,,"Cumi Goreng Tepung, Ikan Kembung Tauco, Seafood Kombinasi, Kakap Panggang, Kangkung Terasi, Nasi Putih, Udang Goreng Tepung, Cumi Saus Padang",,"Jl. P. Siantar No.2, simpang sibulele, Kec. Balige, Toba, Sumatera Utara 22315, Indonesia (83PF+GG Sibola Hotangsas, Toba, Sumatera Utara, Indonesia)","2.3363328,99.0738498",Restoran,4.1,beroperasi
60,RM GUMARANG,,,"Ikan Arsik, Masakan Padang",,"Jl. Patuan Nagari No.30, Sangkar Nihuta, Kec. Balige, Toba, Sumatera Utara, Indonesia (83M7+J7 Sangkar Nihuta, Toba, Sumatera Utara, Indonesia)","2.3341192,99.0631437",Restoran,4,beroperasi
61,Betty bites- Balige,25.000 - 50.000,,,,"Jl. P. Siantar No.KM-2, Tampubolon, Kec. Balige, Toba, Sumatera Utara 22312, Indonesia (83QJ+9C Sibola Hotangsas, Toba, Sumatera Utara, Indonesia)","2.3384795,99.0810082",Restoran,4,beroperasi
62,RM. Islam Roda Baru,25.000 - 50.000,,"Masakan Padang, Makanan Halal",,"Jl. Patuan Nagari No.9 A Kelurahan, Pardede Onan, Kec. Balige, Toba, Sumatera Utara 22313, Indonesia (83M7+GC Pardede Onan, Toba, Sumatera Utara, Indonesia)","2.3338627,99.0635453",Restoran,4.1,beroperasi
63,Tao Tio Coffee and Resto,25.000 - 50.000,,"Pisang Goreng Coklay Keju, Caramel  Latte, Cappuciono",,"Jl. Dr. Sutomo No.21, Sangkar Nihuta, Kec. Balige, Toba, Sumatera Utara 22312, Indonesia (83H2+VX Sangkar Nihuta, Toba, Sumatera Utara, Indonesia)","2.3296704,99.0523756",Restoran,4.5,beroperasi
64,Rapindo cafe balige,,,"Indomie kuah atau goreng, nasi goreng",,"82XV+3GF, Lumban Silintong, Toba, Sumatera Utara, Indonesia","2.3476887,99.043784",Restoran,4,beroperasi
65,LEO'S Restaurant, 50.000 – 75.000  ,,"Ikan Bakar Nila, Ayam Napinadar, Capcay, Nasi Goreng Special, Lobster Steam, Leo's Salad, Lake Toba Lobster, Tuak and Arak, French Fries, Fried Fresh Fish, Arsik Gold Fish, Banana Pancakes",,"Jl. Lkr. Tuktuk No.Kelurahan,Tuktuk Siadong,Simanindo,Kabupaten Samosir,Sumatera Utara 22395","2.6768141740782805,98.8530369269809",Restoran,4.7,beroperasi
66,Restoran Tabo Toko Roti dan Sangrai Kopi, 50.000 – 75.000  ,,"Cake, Fish and chips, Marble ake & Passion Fruit Cake",,"Jl. Lkr. Tuktuk No.115 Toba, Tuktuk Siadong, Simanindo, Kabupaten Samosir, Sumatera Utara 22395","2.6708972237596007,98.8554985238334",Restoran,4.4,beroperasi
67,Joe's Restaurant, 25.000 – 50.000  ,,"Sira Pege Panggang, Fried Noodle Special, Roasted Pork, Fish Barbeque, Pork Taco, Indomie Kuah, BBQ Pork Ribs, Grilled Fish Grilled Chicken and Meat, Napinadar",,"Kabupaten Samosir, Sumatera Utara 22395","2.6774724226615736,98.84396579499682",Restoran,4.7,beroperasi
68,Today's Cafe, 50.000 – 75.000  ,,"Gado Gado, Chicken Steak, Vegetable Rendang, Fish Ata Batak, Banana Pancake, Sate Ayam, Nasi Goreng, Pork Steak, Potato Randang, Yogurt with Fruit Muesli, Yoghurt with Fresh Fruits, Pot of Tea White Rice, Vegetable Randang White Rice, Mixed Fruit Crepe, Banana Porridge, Pineapple Fritters, Pot of Black Tea",,"MV96+H28, Jalan Linkar 30, Tuktuk Siadong, Island, Kabupaten Samosir, Sumatera Utara 22395","2.669223578817372,98.86002482383338",Restoran,4.7,beroperasi
69,Damasus Nataboan Resto, 25.000 – 50.000  ,,"Nilai Tauco, Lobster Saus Tiram, Ikan Nila Bakar, Krimbat Kentang, Kopi Hitam, Nasi Putih Enak, Baby Lobster, Ikan Nila Goreng, Nila Arsik, Udang Lobster Goreng, Tumis Tauge",,"MWR9+QW Sibaganding, Kabupaten Simalungun, Sumatera Utara","2.6922178221662336,98.91989431219872",Restoran,3.9,beroperasi
70,Maruba Restaurant, 50.000 – 75.000  ,,"Sambal Tuktuk, Ayam Semur & Rice, Tofu, Lime Juice, Tilapia Fish Curry, Sangsang, Galangal Fried Chicken Ayam Kalasan, Garlic Bread, Bruschetta, Babi Panggang, Homemade Wheat Toast Egg Avacado Toast, Insalata Di Avocado, Scampi Alla Griglia, Sayur Ubi Tumbuk, Grilled Tilapia Lake Fish, Napinadar Chicken, Homemade Wheat Toast Egg Avacado, Pesce Di Lago, Pork Curry, BBQ Fish ",,"Tuktuk Siadong, Simanindo, Kabupaten Samosir, Sumatera Utara 22395","2.6752818601853043,98.85780589499686",Restoran,4.6,beroperasi
71,Alyssa Restaurant Pizza, 50.000 – 75.000  ,,"Pizza Andaliman, Grilled Fish, Ikan Bakar, Ikan Goreng, Gado Gado Vege, Nasi Goreng, Babi Goreng Babi Panggang, Lobster Grill, Grill Lobster, Pizza Margherita, Satay and Chips, Pizza Vegetarian, Pizza Margarita, Cap Cay Veg, Grill Pork and Chips, Lobster Soup, Fish Chips",,"Tuktuk Siadong, Simanindo, Kabupaten Samosir, Sumatera Utara 22395","2.6712202893462944,98.85606911219867",Restoran,4.4,beroperasi
72,Jenny's Restaurant,75.000 - 100.000,,"Grilled Fish, Grilled Lake Fish, BBQ Lake Fish, Tauco Udang, Ikan Nila Panggang, Sate Babi, Rendang Beef, Avocado Juice, Grilled Pork, Roasted Pork, Chap Chai with Chicken, Babi Panggang Kentang, Spaghetti Bolognese, Lake Lobster, Passion Fruit Juice, Cumi Goreng Tepung, Nasi Goreng Spesial, Lake Prawns",,"MVG3+RQG, Jl. Lkr. Tuktuk, Tuktuk Siadong, Simanindo, Kabupaten Samosir, Sumatera Utara 22395","2.677459113807335,98.85435886616037",Restoran,4.3,beroperasi
73,Biwa Cafe & Resto, 25.000 –50.000  ,,"Ikan, Varian Jus, Jus Jeruk, Indomie Kuah Teh Manis Panas, Sanh, Ayam Bakar, Coffee Milk, Ice Cream, Avocado Float, Mietiaw Goreng Kangkung Belacan, Nasi Goreng Andaliman, Milk Coffe, Avocado Coffe, Tahu Pedas Spicy Tofu, Ayam Sambal Andaliman",,"Jl. Parapat, Sibaganding, Kec. Girsang Sipangan Bolon, Kabupaten Simalungun, Sumatera Utara 21174","2.6956951874662036,98.92295445452568",Restoran,4.3,beroperasi
74,Rumah Makan Holong Ni Dainang, 25.000 – 50.000  ,,"Grilled Fish, Fried Tofu and Fried Tempeh, Bintang Beers, Iced Tea & Lemon Tea",,"Jl. Lkr. Tuktuk, Tuktuk Siadong, Simanindo, Kabupaten Samosir, Sumatera Utara 22395","2.670699761270231,98.85663996616034",Restoran,4.7,beroperasi
75,Rosalie's Beer Garden And Restaurant, 50.000 – 75.000  ,,"Gado Gado, Tahu Goreng Sambal, Perkedel, Chicken Curry, Sweet and Sour Pork, Chili Aubergine",,"MV96+M6M, Jl. Lkr. Tuktuk, Tuktuk Siadong, Simanindo, Kabupaten Samosir, Sumatera Utara","2.6693920724237614,98.86069054289081",Restoran,5,beroperasi
76,Warung Butet's, 25.000 – 50.000  ,,"Bakwan, Pancakes with Mixed fruits",,"Jl. Lkr. Tuktuk No.26, Tuktuk Siadong, Simanindo, Kabupaten Samosir, Sumatera Utara 22395","2.671779661014703,98.86091942383335",Restoran,4.8,beroperasi
77,Solu Bolon Cafe and Resto, 25.000 – 50.000  ,,Calamari,,"JM6V+JP7, Jl. Tele - Pangururan, Kabupaten Samosir, Sumatera Utara 22392","2.6116663335299104,98.69434123732368",Restoran,4,beroperasi
78,D'view cafe and resto, 25.000 – 50.000  ,,"Ayam Goreng, Mie Tek Tek, Affogato, Fish N Fries, Milkshakes, Siomay, Red Velvet Latte, Air Putih, Ginger Tea, Green Tea",,"Jl. Raya Tomok No.12, Depan pelabuhan Ferry Tomok, Garoga, Simanindo, Kabupaten Samosir, Sumatera Utara 22395","2.654301261173217,98.8584669526699",Restoran,4.6,beroperasi
79,Rumah Makan Lomak, 25.000 – 50.000  ,,"Ikan Goreng, Ikan Arsik, Martabe Juice, Terong Bakar, Saksang Rica-Rica, Nasi Goreng Gut Gewürzt, Lobster Air Tawar, Cah Kangkung, Lobster Asam Manis, Babi Panggang Grill Pork & Babi, Ayam Goreng, Panggang Babi, Goreng Babi, Mango Juice, Kangkung Polos Vegetarian, Daun Singkong Tumbuk Dan Ikan Bakar, Babi Goreng & Babi Arsik Fried, Saksang Babi, Lobster rica2, Ikan Bakar Grill Fish",,"Jalan Lingkaran No.Kelurahan, Tuktuk Siadong, Simanindo, Kabupaten Samosir, Sumatera Utara 22395","2.6712646236982973,98.86130982383342",Restoran,4.4,beroperasi
80,Putra Kembar Coffee Shop & Resto, 25.000 – 50.000  ,,"Kopi, Indomie Kuah, Sop Iga, Teh Manis Panas, Susu Coklat, Saos Asam Manis Dan Saos Padang, Limun Sarsaparilla Cap Badak, Ayam Geprek, Bandrek Susu, Mie Instan Feat Limun Cap Badak, Telur Asin, Chicken Steak",,"Warkop Panorama I Panatapan PARAPAT, Jl. Lintas Sumatera, Sibaganding, Pahae Julu, Kabupaten Tapanuli Utara, Sumatera Utara 22463","2.691494856331616,98.92291562568906",Restoran,4.2,beroperasi
81,Yolanda Restaurant, 50.000 – 75.000  ,,"Gado Gado, Buah Sirsak, Tempe & Tahu Sambal, Nila Asam Manis Capcay Dan Nila, Fried Noodle Egg, Ikan Bakar BBQ Fish, Kue Kering, Pork Fried Rice, Birthday Cake, Taco Banana, Pork Saksang, Fried Rice Pork, BBQ Pork, Lemang Hudon Ayam Gulai, Home Cake, Napinadar Chicken with Vegetables, Chicken Curry with Vegetables, Tempe and Tahu Goreng, Egg and Vegetable Noodle Soup, Food Pork",,"Jl. Lkr. Tuktuk, Tuktuk Siadong, Simanindo, Kabupaten Samosir, Sumatera Utara 22395","2.6789591079749377,98.84217949499684",Restoran,4.9,beroperasi
82,Sekapur Sirih,75.000 - 100.000,,"Grilled Fish, Ikan Nila Goreng Sambal Tuk Tuk, Ayam Gulai, Tumis Kangkung, Lobster Air Tawar Goreng, Ikan Panggang Dan Daun Ubi Tumbuk, Ikan Bakar - Sekapur Sirih, Kangkung Pasta Shrimp, Ikan Arsik & Panggang Soup Lobster, Markisa, Mixed Vegatables, Sambal Kecap Dan Andaliman, Daun Ubi Tumbuk - Sekapur Sirih, Ayam Na Pinadar Halal Dan Sayur, Tauge Tumi",,"Jl. Lkr. Tuktuk, Tuktuk Siadong, Simanindo, Kabupaten Samosir, Sumatera Utara 22395","2.66916672404813,98.85842648150641",Restoran,4.4,beroperasi
83,LA PINUS DAMASUS BISTRO & RESTO, 25.000 – 50.000  ,,"Lobster Saus Tiram, Ikan Nila Goreng, Kentang Goreng, Udang Saos Tiram, Cabe Andaliman, Mie Goreng, Kopi Susu, Tahu Tempe Goreng, Lemon Tea, Indomie Kuah, Kopi Hitam, CAH Kangkung, Ayam Geprek, Fish Damasus Sauces, Fruits Soup and Salad",,"Dekat Simpang Hotel Patra Jasa, Jl Siborong borong Panatapan Sibaganding Parapat Danau Toba, Sipangan Bolon, Sipanganbolon, Simalungun Regency","2.697781820935986,98.92253963732385",Restoran,4.1,beroperasi
84,Rumah Makan Rahmat, 25.000 – 50.000  ,,"Mie Goreng, Nasi Ayam Penyet, Fried Rice Meat Removed, Banana Pancake, Spesial Fried Rice",,"MVG2+W7H, Jalan Lingkar Tuktuk Tuktuk Siadong, Kabupaten, Simanindo, Sumatera Utara 22395","2.677549191147509,98.85067329499688",Restoran,4.8,beroperasi
85,Matahari restaurant and Homestay,"200,000",,"Pork Schnitzel with Bratkartoffeln, Fried Rice Special, Pork Sambal, Frenh Fries, Chicken with Sambal, French Fries & Mixed Salads",Cocok untuk anak anak,"MVC6+P9G, Tuktuk Siadong, Simanindo, Kabupaten Samosir, Sumatera Utara 22395","2.672013506400532,98.86100131219864",Restoran,4.3,beroperasi
86,ANDRIAN RUMAH MAKAN NASIONAL, 25.000 – 50.000  ,,"Seafood Nasi Goreng, Nila Asam Manis, Kopi Susu, Jus Nanas, Ikan Asam Manis, Ikan Saus Tauco, Nasi Putih, Ifu Mie Goreng, Kopi Tubruk, Gurami Tauco",,"Jl. Lkr. Tuktuk No.Kelurahan, Tuktuk Siadong, Simanindo, Kabupaten Samosir, Sumatera Utara 22395","2.6701497582627116,98.85315648150642",Restoran,4.4,beroperasi
87,Restaurant DUGUL, 25.000 – 50.000  ,,,,"Pinda raya desa siallagan pinda raya, Kabupaten Samosir, Sumatera Utara 22395","2.679541490744553,98.84100139499692",Restoran,4.6,beroperasi
88,TaTaring Coffee & Resto, 25.000 – 50.000  ,,"Nasi Goreng Spesial, Pasta Ayam, Lobster Goreng, Chill, Chicken Garlic Sauce, Strawberry Smoothies, Bakwan, Lemon Tea, Vegetable Samosa, Jus Alpukat, Red Velvet Latte, Local Coffee, Pisang Pasir, Avocado Coffee, Chicken Schnitzel with Fries, Yogurt Bowl with Fruit and Muesli, Jus Sirsak, Jus Martabe, Fried Chicken N French Fries, Bihun Goreng",,"MVF2+9W, Tuktuk Siadong, Simanindo, Kabupaten Samosir, Sumatera Utara","2.6736983434016173,98.85225358150647",Restoran,4.7,beroperasi
89,Widya Restaurant,75.000 - 100.000,,"Lobster Lada Hitam, Udang Masak Pedas Manis, Lobster Lake Toba, Nasi Goreng, Lobster Oyster Sauce, Nila Saos Tiramisu, Lobster Fried, Badak Carbonated Drink Sarsi, CAH Kangkung, Kelapa Muda, Lobster Saus Tiram Dan Ikan Bakar, BBQ Lobster, Udang Bakar, Omelette, BBQ Giant Shrimps with Sweet Soya, Teh Tawar, Lobster Butter, Capcai Seafood",,"Jl. Lkr. Tuktuk No.Kelurahan, Tuktuk Siadong, Simanindo, Kabupaten Samosir, Sumatera Utara 22395","2.6694135271820336,98.8525591545255",Restoran,4.4,beroperasi
90,Poppy's Restaurant & Guest House, 25.000 – 50.000  ,,"Pancake with honey, american breakfast, filled pancake, vege omelette",,"Jl. Lkr. Tuktuk No.Kelurahan, Tuktuk Siadong, Simanindo, Kabupaten Samosir, Sumatera Utara 22395","2.6773264282101605,98.85499328336209",Restoran,4.7,beroperasi
91,Rumah Makan Muslim Penginapan,"25,000",,"Ayam Goreng, Jahir gulai",Halal,"JM6W+65X, Jl. Sisingamangaraja, Pardomuan I, Kec. Pangururan, Kabupaten Samosir, Sumatera Utara 22392","2.610804633670447,98.69550182568891",Restoran,4.4,beroperasi
92,BONA PANATAPAN CAFE,15.000 - 30.000,,Nasi Goreng  ,,"Jl. Pangururan, Siogung-Ogung, Kec. Pangururan, Kabupaten Samosir, Sumatera Utara","2.6218963022836888,98.67228953917932",Restoran,4.8,beroperasi
93,BPK TORANG dan IKAN BAKAR, 25.000 – 50.000  ,,"Skasang Tanpa Gota Darah, Saksang Namargota Darah, Dali ni Horbo atau Susu Kerbau",,"Jalan lurus garoga, Tuktuk Siadong, Sumatera Utara 22349","2.6599990637966817,98.84608245452553",Restoran,4.8,beroperasi
94,Elios - Rumah Makan Khas Batak, 25.000 – 50.000  ,,"Babi Panggang, Ayam Kampung, Babi Guling, Jus Terong Belanda, Lobster Panggang, Saksang Dan Arsik Ikan Mas, Ayam Pinadar, Babi Goreng, Grilled Fish, Grilled Pork, Naniura",,"Jl. Lkr. Tuktuk No.Desa, Tuktuk Siadong, Simanindo, Kabupaten Samosir, Sumatera Utara 22395","2.6710860924527133,98.86138455266997",Restoran,3.7,beroperasi
95,RM SIAEK MUAL, 25.000 – 75.000  ,,"Babi Kecap, Babi Arsik, Susu Kerbau",,"Jl. Gereja, Ps. Pangururan, Kec. Pangururan, Kabupaten Samosir, Sumatera Utara 22392","2.6148573976763774,98.69478552383333",Restoran,4.5,beroperasi
96,Siny Siny Samosir, 25.000 – 50.000  ,,Japanese Food,Halal,"Jl.Putri Lopian, Ps.Pangururan Taman Batu Waterfront City Pangururan Segmen 2, Kabupaten Samosir, Sumatera Utara 22392","2.605648187745785,98.69874987667615",Restoran,4.8,beroperasi
97,Warung Pesona Alam,10.000 - 25.000,,"Nasi Bali, Kopi Dan Teh, Teh Manis, Ayam Bali, Badak, Nasi Campur Babi, Ikan Jair, Nenas Prapat",,"MWWF+24J, Jl. Siborongborong - Parapat, Sibaganding, Kec. Girsang Sipangan Bolon, Kabupaten Simalungun, Sumatera Utara 21174","2.695348021474418,98.92271814784101",Restoran,4.3,beroperasi
98,Wisata Bagot, 25.000 – 50.000  ,,"Tuak Tangkasan, Ayam Pinadar, Bolu Bagot",,"JMPW+6R7, Unnamed Road, Parlondut, Pangururan, Samosir Regency, North Sumatra 22392","2.6357929170120458,98.69704506318332",Restoran,4.7,beroperasi
99,Rumah Makan Islam Mami Tempo, 25.000 – 50.000  ,,"Nasi Goreng, Ayam Penyet, Soto Ayam, Ikan Nila Goreng",,"MVG3+H7F, Jl. Lkr. Tuktuk, Tuktuk Siadong, Simanindo, Kabupaten Samosir, Sumatera Utara 22395","2.676691639924135,98.85318256133391",Restoran,4.3,beroperasi
100,Qta Coffee And Resto,15.000 - 30.000,,"Pisang Barangan, Bakwan Goreng, Stick Ubi",,"Jl. Simbolon Purba, Sigaol Simbolon, Kec. Pangururan, Kabupaten Samosir, Sumatera Utara 22392","2.5603628593484205,98.72036034968983",Restoran,4.3,beroperasi
101,PALITO COFFEE AND RESTO, 25.000 – 50.000  ,,"Mie Gomak campur Daging, Aglio Olio, Nasi Ayam Bakar Taliwang, Palito Sunrise Perpaduan, Hot Chocolate",,"JP52+655, Ps. Pangururan, Kec. Pangururan, Kabupaten Samosir, Sumatera Utara 22392","2.608438887220064,98.70043090366218",Restoran,4.1,beroperasi
102,FAMILY RESTO, 25.000 – 50.000  ,,Nasi Goreng Ayam,Halal,"Jl. Gereja, Sait Nihuta, Kec. Pangururan, Kabupaten Samosir, Sumatera Utara 22390","2.6285062062743876,98.69404133619724",Restoran,4.8,beroperasi
103,"Warung Kopi Synergy,Samosir", 25.000 – 50.000  ,,"Wedang Uwuh Ala Synergy Dan Burger, Kopi Tubruk Dari Kopi Asli Samosir, Hot Cappucino, Kopi Susu Terbaik, Kopi Susu Dingin, Kopi Kemasan Samosir 200 Gram, Cappuccino, Vietnam Drip, Soto, Menu Non Kopi, Cortado, AeroPress, Cold Natural Coffee Synergy, Specialty Coffee, Espresso, Coffee Avocado",,"Warung Kopi Synergy, Pardomuan I, Kec. Pangururan, Kabupaten Samosir, Sumatera Utara 22392","2.6049033813780995,98.70109379016914",Restoran,4.5,beroperasi
104,Pondok Kolding Pangururan.samosir, 10.000 – 50.000,,"Mie Ayam Bakso, Bakso bakar, Kwetiaw Goreng, Bakso Urat, Vitamin Shake",,"Jl. Patuan anggi, Ps. Pangururan, Kec. Pangururan, Kabupaten Samosir, Sumatera Utara 22392","2.607615787375191,98.69765796318313",Restoran,4.1,beroperasi
105,ALZA CEMILAN KOREAN STREET FOOD GRILL AND FROZEN FOOD HALAL, 25.000 – 50.000  ,,,,"JP34+348 Terminal Onan Baru, Pardomuan I, Kec. Pangururan, Kabupaten Samosir, Sumatera Utara","2.6030038948515477,98.7054639803754",Restoran,5,beroperasi
106,Rumah Makan Khas Batak Moranta Simbolon, 25.000 – 50.000  ,,"Ikan Jahir Goreng, Babi Panggang",,"Jl. Gereja, Kabupaten Samosir, Sumatera Utara 22392","2.612316586488661,98.69503693619714",Restoran,4.5,beroperasi
107,Rumba Restaurant, 50.000 – 100.000,,"Rosti, French Fries, Pork Steak, Pizza Ham, Ham Pizza Rumba, Chicken Cordon Bleu, Pizza Mozarella Musroom, Nasi Goreng Spesial, Röschti Rumba, Chicken Steak, Fried Rice, Avocado Carrot Salad, Pizzeria, Pizza Margharita, Cordonbleu, Teh Jahe, Nasi Babi, Bratkartoffel, Pork Fried with Sambal",,"Jl. Lkr. Tuktuk No.Desa, Tuktuk Siadong, Simanindo, Kabupaten Samosir, Sumatera Utara 22395","2.67146822366433,98.86146874969056",Restoran,4.3,beroperasi
108,Samosir Villa Restaurant,50.000 - 75.000,,,,"Jl. Lkr. Tuktuk No.Kelurahan, Tuktuk Siadong, Simanindo, Kabupaten Samosir, Sumatera Utara 22395","2.6681313758412877,98.86026216318358",Restoran,4.4,beroperasi
109,3J Lamongan Cafe n Resto, 25.000 – 50.000  ,,,,"JP32+P2W, Pardomuan I, Kec. Pangururan, Kabupaten Samosir, Sumatera Utara","2.6046204589559636,98.70007647852577",Restoran,4.1,beroperasi
110,Rumah Makan Islam Murni TukTuk Siadong, 25.000 – 50.000  ,,"Ayam Goreng, Gulai Kepala Ikan Nila, Nasi Putih Rendang Daging, Daging Rendang",,"Tuktuk Siadong, Simanindo, Kabupaten Samosir, Sumatera Utara 22395","2.670125327026093,98.8607394073619",Restoran,4.3,beroperasi
111,BPK ( Babi Panggang Karo) Sembiring, 25.000 – 50.000  ,,Babi Panggang Karo,,"JM5W+89W, Ps. Pangururan, Kec. Pangururan, Kabupaten Samosir, Sumatera Utara 22392","2.6087182998032166,98.69602602270416",Restoran,4.1,beroperasi
112,Samuel's Restaurant,75.000 - 100.000,,"Rendang, Beer, Babi Panggang Karo",,"Samuel Restaurant Tuktuk, Jl. Lkr. Tuktuk, Tuktuk Siadong, Simanindo, Kabupaten Samosir, Sumatera Utara 22395","2.6765853028816085,98.85333659201922",Restoran,4.7,beroperasi
113,Orari Restaurant,20.000 - 50.000,,"Ikan Bakar, Pizza Andaliman, Nasi Goreng Sayur & Telur, Jus Wortel Jeruk, Kopi Coklat, Ayam Fillet, Cumi Goreng, Pecel, Roasted Nila Fish, Fish and Chips, Chicken Steak with Fried, Curry Fish, Fried Fish with Salad, Sandwich, Spicy Sauce, Vegetable Curry, Fried Chicken with Salad, Fish in Soy Sauce",,"MVG3+RVV, Jl. Lkr. Tuktuk, Tuktuk Siadong, Simanindo, Kabupaten Samosir, Sumatera Utara 22395","2.6773054226894746,98.85467922085489",Restoran,3.9,beroperasi
114,Horas Vegetarian Restaurant, 50.000 – 75.000  ,,"Soya Sauce Chicken, Fried Noodles with Tempeh, Vegan Randang, Vegetable Curry, Butterfly Pea Tea, Banana Chocolate Pancake, Chapati with Pumpkin Curry",,"Tuktuk Siadong, Kabupaten Samosir, Sumatera Utara","2.6691010476446526,98.85840264969053",Restoran,4.8,beroperasi
115,RM BPK MAN KENA (bang gurning), 25.000 – 50.000  ,,"Babi Panggang Karo, Kidu Kidu",,"PM4R+MR6, Sialanguan, Kec. Pangururan, Kabupaten Samosir, Sumatera Utara","2.7069868032271773,98.69202854969076",Restoran,4.2,beroperasi
116,Rumah Makan Nasional, 25.000 – 50.000  ,,"Seefood Nasi Goreng, Nila Asam Manis, Kopi Susu, Jus Nanas, Ikan Asam Manis, Ikan Saus Tauco, Nasi Putih, Ifu Mie Goreng, Kopi Tubruk, Gurami Tauco",,"Jl. Lkr. Tuktuk No.Kelurahan, Tuktuk Siadong, Simanindo, Kabupaten Samosir, Sumatera Utara 22395","2.716814466371699,98.69273467852649",Restoran,5,beroperasi
117,Lapo Barat (RESTAURANT & CATERING), 25.000 – 50.000  ,,Makanan Batak,,"Ps. Pangururan, Kec. Pangururan, Kabupaten Samosir, Sumatera Utara 22392","2.608113969557106,98.69704917667619",Restoran,4.2,beroperasi
118,Resto Family 9.9,,,,,"Dermaga pustaha waterfront city, Ps. Pangururan, Kec. Pangururan, Kabupaten Samosir, Sumatera Utara 22392","2.6069609229668855,98.69720921900479",Restoran,3,beroperasi
119,Rumah Makan Islam Monggo, 25.000 –50.000  ,,"Ikan Mujahir, Ayam Goreng, Indomie",Halal,"Jl. Lkr. Tuktuk, Tuktuk Siadong, Simanindo, Kabupaten Samosir, Sumatera Utara 22395","2.67643004277816,98.85642633434789",Restoran,4.1,beroperasi
120,Restaurant Sehat, 50.000 – 75.000  ,,"Bistik Babi, Samcan Goreng, Shrimp Tauco, Kopi Susu, Ikan Mas Gurih, Ayam Goreng Bistik Tauco Udang, Nila Goreng Enak Euy, Tauge Tumis, Capcay Goreng, Sweet and Sour Fish, Chinese Tea, Fish Ball's Soup, Pork Bistek, Fried Samcan, Fried Bamboo, Kwetiau Goreng, Ifumie Goreng, Udang Mentega Dan Poileng, Sawit Tumis, Oriental Fried Chicken",,"Jl. Sisingamangaraja Jl. Parapat No.43, Tiga Raja, Kec. Girsang Sipangan Bolon, Kabupaten Simalungun, Sumatera Utara 21174","2.6686210273555613,98.93796379016958",Restoran,4,beroperasi
121,Restaurant Asia, 50.000 – 75.000  ,,"Nasi Goreng, Bistik Babi, Bihun Goreng Telur, Ikan Nila Asam Manis, Ayam Goreng Telur, Udang Asam Manis, Tukha Bihun, Sayur Puileng Tumis, Bihun Kuah, Ikan Sunhok Kukus, Telur Lapchiong, Ayam Mentega, Tu Kha Bihun Kaki Babi, Kopi Hitam, Tauco Udang, Fu Yung Hai, Scrambled Eggs, Udang Goreng Tepung, Samcan Goreng, Cap Cay Babi Kecap Nila Tauco",,"Jl. Sisingamangaraja No.65, Parapat, Kec. Girsang Sipangan Bolon, Kabupaten Simalungun, Sumatera Utara 21174","2.668136710254381,98.93835213619751",Restoran,4.4,beroperasi
122,Pagar Batu Resto & PENGINAPAN, 25.000 – 50.000  ,,"Nasi Ayam Penyet, Chicken Katsu, Aneka Juice",,"Jalan sibea bea ujung, Tuuk Sihotang, Kec. Harian, Kabupaten Samosir, Sumatera Utara","2.547269326273382,98.66985377667584",Restoran,4.2,beroperasi
123,Warung Muslim Pecel Lele Dan Bakso Raksasa Pak Aziz,18.00 - 100.000,,"Pecel lele, Lobster, Bakso",,"MR6X+2FG, Tuktuk Siadong, Simanindo, Kabupaten Samosir, Sumatera Utara","2.660391215529238,98.84869089201914",Restoran,4.5,beroperasi
124,Pondok Makan & Home Stay H. Karsim, 25.000 – 50.000  ,,"Ayam Geprek Sambal Andaliman, Steak Ayam Chrispi, Nasi Kotak, Nasi Ayam Geprek, Soto Medan, Nasi Tumpeng, Es Kepal Milo, Bubur Pedas Jakarta, Ayam Geprek Box, Rendang Jengkol, Tauco Udang Dan Sambal Telur, Tauco Kikil, Barbeque, Seafood Ngaprak, Terong Sambel, Bahan Omelette, Tumis Wortel Buncis, Lontong Sayur, Ikan Mas Bumbu Arsik, Smoza",,"Jl. Josep Sinaga No.20, Danau Toba, Kec. Girsang Sipangan Bolon, Kabupaten Simalungun, Sumatera Utara 21174","2.6623882459760226,98.93677027852614",Restoran,5,beroperasi
125,Rumah Makan Marina, 25.000 – 50.000  ,,"Bihun Goreng, Kari Kambing, Pari Goreng, Ikan Asin Pari, Kerang Pedas, Lauk Pauk, Kwetiau Goreng Seafood",,"Jl. Haranggaol No.48, Tiga Raja, Kec. Girsang Sipangan Bolon, Kabupaten Simalungun, Sumatera Utara 21174","2.664040528357632,98.9310429343479",Restoran,4.5,beroperasi
126,Rumah Makan Elizabeth, 25.000 – 50.000  ,,"Kopi Susu, Kopi Hitam, Indomie Kuah Dan Teh Manis Hangat, Indomie Kuah Dan Jeruk Hangat, Indomie Kuah Dan Kopi, Telur Bebek, Indomie Telur, Ikan Nila Bakar, Sambal Ikan Bakar, Ikan Bakar Tumis Kangkung Telor",,"Jalan Panatapan No.Kelurahan, Sipangan Bolon, Simpangan Bolon, Kabupaten Simalungun, Sumatera Utara 21174","2.6752950116175054,98.93313741900525",Restoran,5,beroperasi
127,Rumah Makan Islam Murni, 25.000 – 50.000  ,,"Ayam Goreng, Gulai Kepala Ikan Nila, Nasi Putih Rendang Daging",,"Tuktuk Siadong, Simanindo, Kabupaten Samosir, Sumatera Utara 22395","2.6700395895225797,98.86069649201924",Restoran,,beroperasi
128,Pondok Azzahra, 10.000 – 25.000,,"Ayam Goreng, Nasi Goreng, Indomie, Nasi Gurih",,"Jl. Sisingamangaraja, Parapat, Kec. Girsang Sipangan Bolon, Kabupaten Simalungun, Sumatera Utara 21174","2.664688224793984,98.94879224969048",Restoran,4.3,beroperasi
129,RM. Siganupari Ajibata, 25.000 – 50.000  ,,"Panggang Babi, Saksang, Sop isi, Ikan Nila Panggang",,"Jl. Motung Sibisa, Pardamean Ajibata, Kec. Ajibata, Toba, Sumatera Utara 21174","2.659278260261069,98.93480379201915",Restoran,4.3,beroperasi
130,Hotel and Restaurant Singgalang,,,"Bandrek, Sop Perut Ikan, Sayur Kangkung Dan Ikan Nila, Juice Jeruk, Nasi Goreng, Udang Tauco, Ikan Tauco, Udang Goreng Tepung Oats, Ifu Mie Goreng, Es Kopi Susu, Padang Restaurant Assorted Meals, Stir Fry Cuttlefish, Stir Fried Bean Sprouts, Stir Fried Mix Vegetables, Ayam Penyet, Hot Plate Tofu, Garlic Chicken, Kwetiaw Goreng, Stir Fry Vermicelli",,"Jl. Sisingamangaraja No.52, Tiga Raja, Kec. Girsang Sipangan Bolon, Kabupaten Simalungun, Sumatera Utara 21174","2.667133089956276,98.93924339016954",Restoran,4.7,beroperasi
131,ARTOMORO LAMONGAN,1.000 - 25.000,,"Bakso, Seafood, Mie Ayam",,"Simanindo, Jl sidolon dolon, Dosroha, Simanindo, Kabupaten Samosir, Sumatera Utara 22395","2.712391833603101,98.69300202085512",Restoran,4,beroperasi
132,"Rumah Makan ""PONDOK KAREN""", 25.000 – 50.000  ,,,,"MX62+2CM, Jl. Siborongborong - Parapat, Tiga Raja, Kec. Girsang Sipangan Bolon, Kabupaten Simalungun, Sumatera Utara 21174","2.660288825525454,98.95104902085477",Restoran,4,beroperasi
133,Warung Bikers Parapat, 25.000 – 50.000  ,,"Kopi Hitam, Daging Cingcang, Nasi Ayam Goreng Sambal, Ikan Mas Arsik, Makanan Halal, Nasi Putih Ayam Goreng Sambal, Hidangan Dengan Masakan Rumahan, Lele Goreng Sayur Ubi, Kentang Goreng Lalapan, Ikan Cabe Jengkol",,"MW8V+WWF, Jalan Lintas, Jl. Sisingamangaraja, Parapat, Kec. Girsang Sipangan Bolon, Kabupaten Simalungun, Sumatera Utara 21171","2.667633813631017,98.94480934969047",Restoran,4.4,beroperasi
134,Poncha CLBK,1.000 - 20.000,,"Ketroprak Getir, Bolu Aneka By Po, Seblak Kwetiauw, Bolu Coklat Kribo By Order, Ada Bolu Nya Loh, Bubur Ayam Jakarta, Black N White Bolu",,"Unnamed Road, Cinta Dame, Simanindo, Kabupaten Samosir, Sumatera Utara 22395","2.756312457119844,98.73364676503371",Restoran,4.6,beroperasi
135,Rumah makan safitri,1.000 - 20.000,,"Kopi, Indomie",,"MWGM+588, Sumatera Utara 21174","2.6756766258086624,98.93329507667659",Restoran,4.9,beroperasi
136,Kedai bakmie & Kopi Serasi, 25.000 – 50.000  ,,"Nasi Goreng, Mie Pangsit, Pangsit Goreng",,"Jl. Sisingamangaraja No.143, Parapat, Kec. Girsang Sipangan Bolon, Kabupaten Simalungun, Sumatera Utara 21174","2.6672811587907685,98.94074247667652",Restoran,3.2,beroperasi
137,RM muslim MENARA, 25.000 – 50.000  ,,"Nasi Goreng, Kopi",,"Jl. Sisingamangaraja, Parapat, Kec. Girsang Sipangan Bolon, Kabupaten Simalungun, Sumatera Utara 21174","2.667676944773548,98.93896497852616",Restoran,5,beroperasi
138,Rumah Makan Muslim Hajjah Zuleka, 25.000 – 50.000  ,,"Ayam Pecak Betawi, Telur Balado",,"Jalan Sisingamangaraja Depan Pantai Bebas, Parapat, Kec. Girsang Sipangan Bolon, Kabupaten Simalungun, Sumatera Utara 21174","2.6689567724849086,98.93762596133394",Restoran,4,beroperasi
139,Rumah Makan khas batak Tiurma siboro, 25.000 – 50.000  ,,"babi Panggang, Ikan Mas Arsik, Saksang Babi, Ubi Tumbuk, Babi Goreng",,"Jl. Josep Sinaga No.227, Tiga Raja, Kec. Girsang Sipangan Bolon, Kabupaten Simalungun, Sumatera Utara 21174","2.6666024728155833,98.94311799016957",Restoran,4,beroperasi
140,Warkop Panorama I Panatapan PARAPAT, 25.000 – 50.000  ,,"Indomie Kuah, Nasi Goreng, Kopi Susu, Jahe Susu, Ice Coffee, Tea, Mie Goreng",,"MWMG+R92, Sibaganding, Kec. Girsang Sipangan Bolon, Kabupaten Simalungun, Sumatera Utara 21174","2.6848275920423808,98.92592644969062",Restoran,4.8,beroperasi
141,Kafe Pak Pos, 25.000 – 50.000  ,,"Ikan Nila Tauco, Ayam Penyet, Kari Kambing, Ayam Goreng, Jus Jambu, Mie Sop Ayam, Teh Manis Panas, Nasi Ayam Cabe Ijo, Mujair Sambal Ijo, Piscok Kopi, Lele Cabe Ijo, Sayur Capcai, Nasi Campur, Tumis Kangkung, Gado Gado, Mujair Asam Manis Dan Nasi, Telur Penyet Dan Nasi, Ikan Tumis Cabai, Udang Goreng Tepung, Ikan Mas Goreng",,"Jl. Sisingamangaraja, Tiga Raja, Kec. Girsang Sipangan Bolon, Kabupaten Simalungun, Sumatera Utara 21174","2.6678461414774524,98.93870596318352",Restoran,4.5,beroperasi
142,RUMAH MAKAN KHAS BATAK PARAPAT, 25.000 – 50.000  ,,"Ikan Bakar, Daging Babi Panggang",,"Jl. Sisingamangaraja, Sipangan Bolon, Kec. Girsang Sipangan Bolon, Kabupaten Simalungun, Sumatera Utara 21174","2.6677351818719663,98.94463545767131",Restoran,4.1,beroperasi
143,Hidangan Muslim Rumah Makan CHARISSA,15.00 - 50.000,,"Napinadar, Mie Goreng, Aneka Juice",,"Kaldera, Pardamean Sibisa, Kec. Ajibata, Toba, Sumatera Utara 22386","2.6011896597179143,98.95280331900477",Restoran,4.1,beroperasi
144,RM. Nasional Sampean Uli, 25.000 – 50.000  ,,"Ayam Rias, Food Fresh Fruit, Juice Avocado, Napinadar",,"Jalan Lingkar Simbolon Air Panas No.Desa, Sigaol Simbolon, Kec. Palipi, Kabupaten Samosir, Sumatera Utara 22393","2.5300999833860125,98.73469377852531",Restoran,4.8,beroperasi
145,Rumah makan muslim nikmat,,,"Ayam Goreng, Ikan Jahir",Halal,"MW7J+29H, Sumatra, Tiga Raja, Kec. Girsang Sipangan Bolon, Kabupaten Simalungun, Sumatera Utara 21174","2.662757090608327,98.93101217852613",Restoran,4.2,beroperasi
146,RM. Parapat, 25.000 – 50.000  ,,Makanan China,,"MW7V+72J, Tiga Raja, Kec. Girsang Sipangan Bolon, Kabupaten Simalungun, Sumatera Utara 21174","2.6635967972984407,98.94246743704545",Restoran,5,beroperasi
147,Sigurgur Beach and Restaurant,5.000 - 100.000,,,,"PPX7+JGM, Simarmata, Simanindo, Kabupaten Samosir, Sumatera Utara","2.749152694027654,98.71411846318406",Restoran,5,beroperasi
148,RUMAH MAKAN Nasional Sinurat, 25.000 – 50.000  ,,"Ayam Napinadar, Aneka acar, Aneka Juice",,"Jalan Lingkar Simbolon Air Panas No.Desa, Sigaol Simbolon, Kec. Palipi, Kabupaten Samosir, Sumatera Utara 22393","2.52380111604797,98.74204122883566",Restoran,4.4,beroperasi